{"cameraMode":{"drawMode":0,"name":"Shaded","section":"Shading Mode"},"sceneLighting":true,"audioPlay":false,"sceneViewState":{"m_AlwaysRefresh":false,"showFog":true,"showSkybox":true,"showFlares":true,"showImageEffects":true,"showParticleSystems":true,"showVisualEffectGraphs":true,"m_FxEnabled":true},"in2DMode":false,"pivot":{"x":-7.204594612121582,"y":2.596865653991699,"z":3.6644506454467775},"rotation":{"x":-0.005981221795082092,"y":0.740807056427002,"z":-0.0065896944142878059,"w":-0.6716879606246948},"size":2.6919782161712648,"orthographic":false}